Stage,DataSet,Experiment,SignalType,ExperimentIndex,Output,FitPercent,VAF_Percent,NRMSE,NRMSE_FitPercent,RMSE_rad,RMSE_deg,Bias_rad,Bias_deg,RMSE_NoBias_rad,RMSE_NoBias_deg,AmplitudeMeasured_rad,AmplitudeModel_rad,AmplitudeRatio,PhaseLag_s,PhasePeakCorrelation,ResidInputCorr0,ResidInputCorrMaxAbs
Stage 1,training,prbs_run_01,PRBS,1,theta_1,-29.4812292776736,0,1.29481229277674,-29.4812292776736,1.17729982445972,67.4543111630345,0.991662264634564,56.8180624659459,0.634539856567519,36.3564557141555,1.54957880492048,1.1377954957629,0.734261137381322,0,0.73824017838607,-0.045463361643748,0.0812543720886241
Stage 1,training,prbs_run_01,PRBS,1,theta_2,-29.4267735131062,77.2518362988751,1.29426773513106,-29.4267735131062,1.26500349011496,72.4793610529064,-0.994507095893318,-56.9810592904994,0.781786074460827,44.7930425487057,1.85381938233376,1.78526375400841,0.963019251509257,-0.1,0.685163343513664,0.0460788974756616,0.130384339805719
Stage 1,training,chirp_run_01,chirp,2,theta_1,11.1481200896248,97.3007031164228,0.888518799103752,11.1481200896248,0.377523750235416,21.6305175544403,-0.367949260952433,-21.0819397275322,0.0844838644734665,4.84056887128486,0.746581939581072,0.781168080593714,1.0463259813545,0,0.981214213832949,0.0373755737039877,0.0813978911908335
Stage 1,training,chirp_run_01,chirp,2,theta_2,17.5061012996037,83.9714232212841,0.824938987003963,17.5061012996037,0.403306546863544,23.1077629852762,0.361668337871109,20.722069343526,0.178471802043194,10.2256810191693,1.02243661586041,1.20755224886235,1.18105340725318,-0.04,0.958491124087615,0.033777468439536,0.125438699715766
Stage 1,training,prbs_run_03,PRBS,3,theta_1,63.0084865202376,98.4004423111919,0.369915134797624,63.0084865202376,0.312265998759842,17.8915238143763,-0.213939989462209,-12.2578584652579,0.227463700159809,13.0327100115863,1.64629010622048,1.64268229384221,0.997808519674241,0,0.966851726561281,0.0222258381086496,0.04644012289234
Stage 1,training,prbs_run_03,PRBS,3,theta_2,38.7965798952619,76.8303236473523,0.612034201047381,38.7965798952619,0.633696585873561,36.3081398624046,0.200892061606835,11.5102672677537,0.601010601013961,34.435370880721,2.17025232038107,1.83918654541707,0.847452864418148,0.03,0.821988045128254,0.043839651020566,0.140917958377913
Stage 1,training,chirp_run_03,chirp,4,theta_1,42.0675089940084,99.8039636779826,0.579324910059916,42.0675089940084,0.124220486835464,7.1173096247325,-0.113783234846487,-6.51929913604961,0.0498407947118504,2.85566718456698,0.49601174984925,0.596050459419031,1.20168616892682,0,0.987309727536772,0.0264170809612666,0.193302946333631
Stage 1,training,chirp_run_03,chirp,4,theta_2,38.0678343535417,74.8975054343819,0.619321656464583,38.0678343535417,0.291034234207482,16.6750333139107,0.107820300170079,6.1776481455792,0.270325190006351,15.488492483436,1.42170930891538,1.39628478338479,0.982116931097545,0.02,0.830017740043663,-0.0093795954558448,0.0760141214514098
Stage 1,training,prbs_run_05,PRBS,5,theta_1,58.088467714387,91.3724515240072,0.41911532285613,58.088467714387,0.522477650203212,29.9357642465566,0.29062213282509,16.6514216439681,0.434190823111298,24.8773016675886,2.34671437927201,2.35391608656962,1.00306884696375,-0.03,0.938004304425034,0.152429979569491,0.159738782762377
Stage 1,training,prbs_run_05,PRBS,5,theta_2,57.8709114832301,94.2978283526679,0.421290885167699,57.8709114832301,0.542625027330927,31.0901239242331,-0.293597914311758,-16.8219213639073,0.456335605665036,26.1461042461528,2.77401233660813,2.50201596853606,0.901948392772958,0,0.93532512229162,-0.131883993295372,0.161790512697808
Stage 1,training,chirp_run_05,chirp,6,theta_1,-40.5794872285801,69.8360831765052,1.4057948722858,-40.5794872285801,0.852599099410456,48.8503300128741,-0.8073464784816,-46.2575458217452,0.274074602980431,15.7033180225023,1.08726947825153,1.22134187270776,1.12331109916912,0.01,0.910943799229306,-0.0281531081256743,0.0614269178184969
Stage 1,training,chirp_run_05,chirp,6,theta_2,-41.8407814945877,73.5533189769327,1.41840781494588,-41.8407814945877,0.941575545916897,53.9483048737647,0.795257949179485,45.5649241122138,0.504112391174371,28.8835124145395,1.33588433751104,1.54973726778278,1.16008341760348,0.17,0.86452982029752,0.136345720577942,0.265543379624043
Stage 1,training,prbs_run_07,PRBS,7,theta_1,24.30706833341,92.5344593417411,0.7569293166659,24.30706833341,0.561814033745117,32.1895730048156,-0.534261471942174,-30.6109274987336,0.173780574608154,9.95689348640557,2.05218450713109,1.92799675030878,0.939485091915094,0,0.972403528101555,0.0159293200211319,0.120684755262092
Stage 1,training,prbs_run_07,PRBS,7,theta_2,24.1591147448914,79.8520074400456,0.758408852551086,24.1591147448914,0.681229029257592,39.0315482582541,0.523675526746628,30.0043975168721,0.435702803513911,24.9639317633649,2.42698093049492,2.222847394083,0.915889929810739,0.03,0.894812364593238,0.0591775943841321,0.147264703944698
Stage 1,training,chirp_run_07,chirp,8,theta_1,67.7754298474661,99.8551844909306,0.322245701525339,67.7754298474661,0.105018974779516,6.0171440236571,-0.0968206860110625,-5.54741667799521,0.0406784933851766,2.33070598792145,0.753908553315921,0.814946216002576,1.08096162647073,0,0.994064789325292,0.043198829179941,0.167437363600463
Stage 1,training,chirp_run_07,chirp,8,theta_2,21.2491296618152,56.4655910089165,0.787508703381848,21.2491296618152,0.485598937860871,27.8227696754634,0.094023376634687,5.38714265673652,0.476409417515878,27.2962489439457,1.82993765116038,1.73501461827914,0.948127722919386,0.06,0.721084892520055,0.00173716770719952,0.035868482103492
Stage 1,training,prbs_run_09,PRBS,9,theta_1,33.1083041987189,91.0430860370475,0.668916958012811,33.1083041987189,0.596437415781972,34.1733466679964,-0.507159891849515,-29.0581213412885,0.313889208230969,17.9845268663376,2.17527161787655,1.84954359051427,0.850258687381648,0,0.938552179577205,-0.0196182510535694,0.114593226303259
Stage 1,training,prbs_run_09,PRBS,9,theta_2,20.7527177515708,79.5450468199148,0.792472822484292,20.7527177515708,0.744993949125316,42.6850090476646,0.496769260753724,28.4627820330223,0.555190314940321,31.8100618726194,2.7583399505256,2.43920413610405,0.884301492874097,0.04,0.826128479639049,0.0239705500347536,0.113304558120264
Stage 1,training,chirp_run_09,chirp,10,theta_1,54.1099191494058,99.4755473186288,0.458900808505942,54.1099191494058,0.189389273884739,10.8512060786428,-0.179383678131384,-10.2779276704615,0.0607436670167735,3.48035575220914,0.910698087241681,0.943909795810294,1.03646840707572,0,0.989252388552687,0.0114225401479751,0.136572979563618
Stage 1,training,chirp_run_09,chirp,10,theta_2,24.2684840136415,67.3669176332598,0.757315159863585,24.2684840136415,0.490740090712561,28.1173360356969,0.179798172368889,10.301676440903,0.456616309219655,26.1621873751268,1.89859762828385,1.846562116379,0.972592659376759,0.05,0.779097397352731,0.01115031369713,0.0543925319558246
Stage 1,training,prbs_run_10,PRBS,11,theta_1,19.9364939510639,84.5955019749882,0.800635060489361,19.9364939510639,0.799131201772146,45.7868451387614,-0.757742533264094,-43.415449113584,0.253844304502401,14.5442073014213,2.63391763767807,2.45875784310224,0.933498378206599,0.01,0.96723312894842,-0.0397221191375011,0.166016677932701
Stage 1,training,prbs_run_10,PRBS,11,theta_2,-54.8513078541826,0,1.54851307854183,-54.8513078541826,1.83961837468643,105.402368784249,0.946190013121304,54.2126943692787,1.57763120644638,90.39160975751,2.97999226797854,6.26566206095199,2.10257661681863,0.47,0.579847413537045,0.263139280441557,0.265949198921012
Stage 1,training,chirp_run_10,chirp,12,theta_1,64.9634555479624,99.733501750704,0.350365444520376,64.9634555479624,0.138626935913885,7.94273835469615,-0.128959551469662,-7.38883802711172,0.0508611978389823,2.91413197715359,0.896777521145468,0.948265361411539,1.05741428509526,0,0.992155319510309,0.031797467392219,0.171088145958898
Stage 1,training,chirp_run_10,chirp,12,theta_2,10.835566909608,42.1956026634014,0.89164433090392,10.835566909608,0.733537713028998,42.0286150702401,0.143001433679247,8.19337861414081,0.71946380478902,41.222239526835,2.01278215545658,1.88820434861012,0.938106661712626,0.05,0.543515391203687,-0.00476649713032829,0.0428917633443158
Stage 1,validation,prbs_run_02,PRBS,1,theta_1,72.9378625164749,99.7559306054051,0.270621374835251,72.9378625164749,0.122360872959643,7.01076159812399,-0.01280003019194,-0.73338770763819,0.121689533068918,6.97229665576668,0.934875912566681,1.00265679447397,1.07250254391645,0,0.970452930689273,0.0470040238401609,0.0979779335975341
Stage 1,validation,prbs_run_02,PRBS,1,theta_2,72.7450445958948,97.3475318717711,0.272549554041052,72.7450445958948,0.142756347540814,8.17933621279143,0.00634468350740189,0.363523587320388,0.142615285837054,8.17125397251505,1.30603217354432,1.30264265057271,0.997404717096358,-0.01,0.964606373351603,-0.00122322875698735,0.136333630649889
Stage 1,validation,chirp_run_02,chirp,2,theta_1,1.98717845863287,99.5232834242439,0.980128215413671,1.98717845863287,0.187912671431516,10.7666029900544,-0.17252013570098,-9.88467565669041,0.0744847290539764,4.26766061296831,0.450586744693189,0.57861123620849,1.28412840151895,0,0.972440919389454,-0.023574181382633,0.146171592407468
Stage 1,validation,chirp_run_02,chirp,2,theta_2,39.1015873656396,82.5524094222718,0.608984126343604,39.1015873656396,0.244183019902112,13.99065646915,0.16785788183158,9.61754818695523,0.177338881003379,10.1607694250663,1.27095588088341,1.29318730830918,1.01749189547816,0.01,0.898867878136742,0.022947067202752,0.109627500677941
Stage 1,validation,prbs_run_04,PRBS,3,theta_1,50.6267387362862,90.9172723918968,0.493732612637138,50.6267387362862,0.547467302116782,31.3675658327052,-0.389809665082888,-22.3344486226576,0.384407169411543,22.0249084218518,2.18186557023791,2.03906408919757,0.934550742727578,0,0.937984638083579,-0.0867982981632383,0.130931264441671
Stage 1,validation,prbs_run_04,PRBS,3,theta_2,38.8287410623567,87.2369753420204,0.611712589376433,38.8287410623567,0.750109423319512,42.9781041292001,0.386500340520057,22.1448382921685,0.642869841982505,36.8337287218397,2.40683071981738,2.19332986992707,0.911293782262132,0.03,0.854674332198376,0.0961107728716131,0.157890208251913
Stage 1,validation,chirp_run_04,chirp,4,theta_1,-6.64025533374217,86.9161478503579,1.06640255333742,-6.64025533374217,0.649724259862292,37.2264579373705,-0.622338651784848,-35.6573781751336,0.186644625821964,10.693949328397,1.09606141473335,1.13952502943488,1.03965436071126,0,0.955217924792099,-0.00415685253170128,0.0514696717338423
Stage 1,validation,chirp_run_04,chirp,4,theta_2,-14.5894929635545,80.003431207362,1.14589492963554,-14.5894929635545,0.704551860709195,40.3678480667259,0.616108660117059,35.3004259461676,0.341765187457049,19.5817028257863,1.14632309632233,1.50330030847689,1.31141064268864,0.03,0.8712040093931,0.108955207822806,0.228368005430737
Stage 1,validation,prbs_run_06,PRBS,5,theta_1,33.1466662421282,90.8781809439948,0.668533337578718,33.1466662421282,0.580189913875107,33.2424333811024,-0.547960070641644,-31.3957993894566,0.190683237713253,10.9253447448592,2.15109379255155,2.02559268585851,0.941657073658248,0,0.975756209705497,-0.0141856039074678,0.0980214681929999
Stage 1,validation,prbs_run_06,PRBS,5,theta_2,27.8942160793524,84.2238533809696,0.721057839206476,27.8942160793524,0.677858819854597,38.8384494833872,0.540485664560239,30.9675474666252,0.409106130557273,23.4400546538598,2.52400046338679,2.30728762844831,0.914139146136415,0.05,0.917858979917831,0.0605125363271728,0.153408471204355
Stage 1,validation,chirp_run_06,chirp,6,theta_1,49.8253090804598,99.1178761900873,0.501746909195402,49.8253090804598,0.233352438753735,13.3701098796741,-0.221781262123024,-12.7071302947339,0.072570189771244,4.15796559235574,0.983964224590167,0.926512152201795,0.941611624739404,0,0.992047659243379,0.101580426103734,0.102620684149686
Stage 1,validation,chirp_run_06,chirp,6,theta_2,33.1141264779768,78.8294894839831,0.668858735220232,33.1141264779768,0.445705410137638,25.537038907034,0.219861952109597,12.5971619313874,0.387703539628563,22.2137765229997,1.58589621073238,1.60521488705885,1.01218155147589,0.03,0.826782771328058,-0.0182202196545213,0.0525905881580446
Stage 1,validation,prbs_run_08,PRBS,7,theta_1,68.8871804902679,95.3137336345409,0.311128195097321,68.8871804902679,0.456345787467218,26.1466876204456,0.363201165237353,20.8098938823339,0.276290411178716,15.8302744804746,2.63391763767807,2.6636201959718,1.01127695029975,0,0.983128890205788,0.147081859738589,0.158714035111272
Stage 1,validation,prbs_run_08,PRBS,7,theta_2,50.1110948045195,88.3794441069143,0.498889051954805,50.1110948045195,0.767935334968911,43.9994536326838,-0.353452918740053,-20.2513605003855,0.681759277845158,39.0619292644144,2.81953688665739,2.870295639926,1.0180025143522,-0.15,0.93461880821556,-0.168517167229577,0.210402528592991
Stage 1,validation,chirp_run_08,chirp,8,theta_1,36.7473632808358,96.8872434378636,0.632526367191642,36.7473632808358,0.389208288823153,22.2999923010754,-0.365547870961176,-20.9443502160682,0.133633252315427,7.65662136028081,1.23013844608108,1.13992680492194,0.926665456683736,0,0.982829159738199,0.0454439848408306,0.0540360624705725
Stage 1,validation,chirp_run_08,chirp,8,theta_2,25.9399329078953,81.1209225649882,0.740600670921047,25.9399329078953,0.550026995527995,31.5142254620151,0.362125123809021,20.7482412499093,0.413998901587739,23.7203897840294,1.66724335754172,1.71401838179754,1.02805530700977,-0.06,0.881318784758469,0.0136011774187298,0.0749996916637025
Stage 2,training,prbs_run_01,PRBS,1,theta_1,59.4989916984938,89.4384117597187,0.405010083015062,59.4989916984938,0.368252836567922,21.0993333290628,-0.245754271350436,-14.0806825456928,0.274253513657231,15.7135688491928,1.54957880492048,1.95349868458371,1.2606643033453,0,0.995014713974672,0.137064102804497,0.17792178550255
Stage 2,training,prbs_run_01,PRBS,1,theta_2,53.5482763084384,97.0697696417596,0.464517236915616,53.5482763084384,0.454014196573716,26.0130973026968,0.243275661348764,13.938668653538,0.38333515790467,21.9634866869186,1.85381938233376,2.09249048118826,1.12874560549369,0.03,0.96082022593605,-0.0173920866058102,0.168551044473034
Stage 2,training,chirp_run_01,chirp,2,theta_1,37.7754443021808,98.6761431712155,0.622245556978192,37.7754443021808,0.264386613400513,15.1482371076063,-0.25628267322979,-14.6839155383974,0.0649574687590642,3.72178880774727,0.746581939581072,0.840678676044867,1.12603671676895,0,0.991346333985992,0.120720415126235,0.18038012004903
Stage 2,training,chirp_run_01,chirp,2,theta_2,33.0011290240193,89.4272911611748,0.669988709759807,33.0011290240193,0.327552506582515,18.7673761961092,0.249759460381238,14.3101629733099,0.211921816995234,12.1422257005707,1.02243661586041,1.26057635435045,1.23291393793604,-0.06,0.963858787820359,-0.0121799559088755,0.132806815560026
Stage 2,training,prbs_run_03,PRBS,3,theta_1,81.4246586540383,99.5966618395926,0.185753413459618,81.4246586540383,0.156804817431303,8.98425424613306,-0.0525665933874627,-3.01184394448191,0.147731188410916,8.46437359839744,1.64629010622048,1.82070345421351,1.1059432643943,0,0.985681990429444,0.0998733252912329,0.158985182147617
Stage 2,training,prbs_run_03,PRBS,3,theta_2,45.5556419818821,81.6652772764333,0.544443580181179,45.5556419818821,0.563713657457652,32.2984134262069,0.0403432835855292,2.31149988115024,0.562268180741024,32.2155937109596,2.17025232038107,2.03550185014621,0.937910228700411,0.03,0.84583334615082,0.0149989675738104,0.160385760617226
Stage 2,training,chirp_run_03,chirp,4,theta_1,65.5839836406985,99.9308147779735,0.344160163593015,65.5839836406985,0.0737957963286539,4.22818767543889,-0.0435916232745611,-2.4976160357566,0.0595448565038905,3.41166896938504,0.49601174984925,0.636050551416136,1.2823296053157,-0.01,0.994724263770045,0.145205689645938,0.268863252739615
Stage 2,training,chirp_run_03,chirp,4,theta_2,50.4126301704815,83.9073896746376,0.495873698295185,50.4126301704815,0.233023051173125,13.3512373614811,0.037763133350727,2.16366816218638,0.22994279318467,13.1747515789312,1.42170930891538,1.47710530228402,1.03896436002863,-0.01,0.875790394066229,-0.0506438984687324,0.127354223281805
Stage 2,training,prbs_run_05,PRBS,5,theta_1,79.1154926449405,97.8577566636735,0.208845073550595,79.1154926449405,0.26035049862085,14.9169847651013,0.0664102291445067,3.80502584647693,0.251738085313088,14.4235298311442,2.34671437927201,2.49963652521359,1.06516436226424,0,0.98047512491618,0.206200232376997,0.209018305745465
Stage 2,training,prbs_run_05,PRBS,5,theta_2,78.9743368826882,98.579714793321,0.210256631173118,78.9743368826882,0.270811722383709,15.5163687352551,-0.0679661538489596,-3.89417376528222,0.262144217772223,15.0197573021067,2.77401233660813,2.8609167069266,1.03132804031605,-0.01,0.980204384353473,-0.164495707569946,0.17700172664695
Stage 2,training,chirp_run_05,chirp,6,theta_1,-7.68924652099467,82.2993790725182,1.07689246520995,-7.68924652099467,0.653123413736029,37.4212151082511,-0.615458013172912,-35.2631466223149,0.218590090332237,12.5242896194206,1.08726947825153,1.29532399307644,1.19135505869206,0,0.950019086403396,0.0115854237035328,0.108455982431854
Stage 2,training,chirp_run_05,chirp,6,theta_2,-16.7646098920064,82.0777961920449,1.16764609892006,-16.7646098920064,0.775113476846112,44.4107308669935,0.601909991066377,34.4869021348605,0.488370007927332,27.9815402950067,1.33588433751104,1.51014931544346,1.13044915120204,0.19,0.899282681980443,0.0944753228554426,0.265384218961346
Stage 2,training,prbs_run_07,PRBS,7,theta_1,44.4642877576094,95.9812100768522,0.555357122423906,44.4642877576094,0.41220153354923,23.6174081811911,-0.388993859198677,-22.2877063885904,0.136359384591077,7.81281723406993,2.05218450713109,2.14161934788274,1.04358031182911,-0.01,0.987783582311297,0.135469314397764,0.143724288381126
Stage 2,training,prbs_run_07,PRBS,7,theta_2,29.4839099120842,82.5818734194206,0.705160900879158,29.4839099120842,0.633399879709289,36.2911398514363,0.379622367211449,21.7507594499816,0.507032805574272,29.050839834083,2.42698093049492,2.53795023005286,1.04572318561041,-0.02,0.859755281929923,0.0142072405058317,0.123151050583939
Stage 2,training,chirp_run_07,chirp,8,theta_1,81.8830221281878,99.9542266901612,0.181169778718122,81.8830221281878,0.0590427252619623,3.38289896846089,-0.0118780105128081,-0.680559871395929,0.0578355969331793,3.31373560989094,0.753908553315921,0.878193265076367,1.16485382904041,-0.01,0.997771130213674,0.215493921004441,0.277861842785845
Stage 2,training,chirp_run_07,chirp,8,theta_2,33.9008016893096,69.3299620868723,0.660991983106904,33.9008016893096,0.407585342933827,23.3529199415006,0.00845924908315644,0.484679270314775,0.407497549537951,23.3478897504478,1.82993765116038,1.81081412463825,0.989549629458684,0.03,0.780471936068164,-0.0319246219689731,0.0618863592711194
Stage 2,training,prbs_run_09,PRBS,9,theta_1,64.4835135616944,97.4749267483375,0.355164864383056,64.4835135616944,0.316681482434666,18.1445123934527,-0.248534270800594,-14.2399647812356,0.196259719643727,11.2448536240064,2.17527161787655,2.13742651058482,0.982602123348315,-0.02,0.975980040226963,0.104978662471861,0.11411101641041
Stage 2,training,prbs_run_09,PRBS,9,theta_2,58.035798128381,94.264283589395,0.41964201871619,58.035798128381,0.394500298145544,22.6032021003923,0.23707969234416,13.5836657795804,0.31531524656274,18.0662328441719,2.7583399505256,2.5885260774055,0.93843620577379,0,0.944856153692431,-0.0141854507210828,0.143989158394477
Stage 2,training,chirp_run_09,chirp,10,theta_1,78.2004790062891,99.8816515522376,0.217995209937109,78.2004790062891,0.08996705552722,5.15473257692883,-0.0746679164358597,-4.27815647681027,0.0501873822326424,2.87552518674027,0.910698087241681,1.0265907248173,1.12725692433003,-0.01,0.996062355786861,0.254055467584909,0.342827262272707
Stage 2,training,chirp_run_09,chirp,10,theta_2,44.0331307348876,82.1775738802955,0.559668692651124,44.0331307348876,0.362665214638072,20.7791861749677,0.0734268038311728,4.20704596266123,0.355154279697736,20.348841302689,1.89859762828385,1.922549270135,1.01261543862393,0.02,0.852738046730418,-0.0351367675852277,0.0787560108200623
Stage 2,training,prbs_run_10,PRBS,11,theta_1,33.2507652007229,89.29292302213,0.667492347992771,33.2507652007229,0.666238575536703,38.172658527061,-0.633439753736185,-36.2934244648896,0.206465294710312,11.8295900028256,2.63391763767807,2.67148991644742,1.0142647887815,0,0.981550648900284,0.0454876267516129,0.132309900641377
Stage 2,training,prbs_run_10,PRBS,11,theta_2,11.1756231971999,66.2105977358332,0.888243768028001,11.1756231971999,1.05522489897452,60.4599331483589,0.612919446356058,35.1176974576972,0.858969929447112,49.2153516859696,2.97999226797854,3.39418462973598,1.13899108605352,-0.03,0.752859609174904,0.264680707830038,0.287037518843945
Stage 2,training,chirp_run_10,chirp,12,theta_1,82.5534848138743,99.9339201249574,0.174465151861257,82.5534848138743,0.0690295513000287,3.95510195117345,-0.0304235626622876,-1.74314173830087,0.0619635843670874,3.55025186773692,0.896777521145468,1.02579920714706,1.14387256923745,-0.01,0.996961584936679,0.231142305170826,0.264542444519812
Stage 2,training,chirp_run_10,chirp,12,theta_2,15.9559483014639,48.6439592506134,0.840440516985361,15.9559483014639,0.691413373470752,39.6150681987766,0.0425299511698256,2.43678670492849,0.690104090893321,39.5400518328999,2.01278215545658,1.94168209135638,0.964675728117195,0.02,0.583504782384133,-0.0317440237174433,0.0524785946314119
Stage 2,validation,prbs_run_02,PRBS,1,theta_1,53.2410439155973,99.2713503756663,0.467589560844027,53.2410439155973,0.21141961490116,12.1134516401176,0.153078419407855,8.77074736660362,0.145826098749667,8.35522000121388,0.934875912566681,1.13272013679675,1.21162618650308,-0.02,0.980207809235339,0.137052907067486,0.149778894226425
Stage 2,validation,prbs_run_02,PRBS,1,theta_2,56.5061182749068,93.2451523090362,0.434938817250932,56.5061182749068,0.227812799668395,13.0527119400584,-0.158363247405869,-9.0735457063424,0.163767376372157,9.3831794880551,1.30603217354432,1.39693905064323,1.06960538870357,-0.02,0.972773364846437,-0.0888439446839016,0.184291027013096
Stage 2,validation,chirp_run_02,chirp,2,theta_1,33.4078177538961,99.7799400733593,0.665921822461039,33.4078177538961,0.127672223547185,7.31507957030446,-0.0965321619793476,-5.53088546868985,0.083556797264348,4.7874518328774,0.450586744693189,0.622003041537761,1.38042907134628,-0.01,0.983757083685825,0.0522459019238919,0.200852071827543
Stage 2,validation,chirp_run_02,chirp,2,theta_2,51.2822753419588,88.8340029286851,0.487177246580412,51.2822753419588,0.195342384393252,11.1922941857555,0.0919356161530628,5.26752279250526,0.172355706673721,9.875254567399,1.27095588088341,1.35175896384284,1.06357662305576,-0.02,0.926499974354459,-0.0254692428524753,0.151278985607256
Stage 2,validation,prbs_run_04,PRBS,3,theta_1,79.0481785028026,98.3644032791962,0.209518214971974,79.0481785028026,0.232320833097024,13.3110032294227,0.148703041228711,8.52005666316502,0.178494747878551,10.2269957186927,2.18186557023791,2.40526725695359,1.1023902158607,0,0.994635615024044,0.200235235104715,0.206721347028705
Stage 2,validation,prbs_run_04,PRBS,3,theta_2,66.6830423928004,96.2139229888347,0.333169576071996,66.6830423928004,0.408547482780643,23.4080464940245,-0.154829893392875,-8.87109943387222,0.378072413432071,21.6619536399829,2.40683071981738,2.72843269269127,1.13362052022433,-0.05,0.982787975510976,-0.18578708433015,0.191485713177263
Stage 2,validation,chirp_run_04,chirp,4,theta_1,22.4235077381795,93.0760559123245,0.775764922618205,22.4235077381795,0.472648240195801,27.080749357505,-0.45302422138889,-25.9563759027836,0.134779129672133,7.72227529665966,1.09606141473335,1.2123069709936,1.1060575207718,0,0.979291370253453,0.0585981264169795,0.121212438901971
Stage 2,validation,chirp_run_04,chirp,4,theta_2,12.1635131918632,88.2505970045451,0.878364868081368,12.1635131918632,0.540061384498091,30.9432380097326,0.445816090702255,25.5433804362607,0.304818490739905,17.4648130369441,1.14632309632233,1.50466429722987,1.31260052428254,0.01,0.903707595524702,0.0638838286323289,0.255707296641524
Stage 2,validation,prbs_run_06,PRBS,5,theta_1,51.9597625974656,95.2897321397006,0.480402374025344,51.9597625974656,0.416919540647952,23.8877300756606,-0.391760267403838,-22.4462099031565,0.142638691306997,8.17259500716031,2.15109379255155,2.21474877973169,1.02959191616867,0,0.987887564340779,0.091900820544213,0.204197769611726
Stage 2,validation,prbs_run_06,PRBS,5,theta_2,45.6867639124684,91.0489890666629,0.543132360875316,45.6867639124684,0.51059296654059,29.2548220318403,0.384870877630309,22.0514769457127,0.335528814012741,19.22438494796,2.52400046338679,2.5133135262968,0.995765873562621,0.02,0.940984971333877,0.00544296996207098,0.206065742091788
Stage 2,validation,chirp_run_06,chirp,6,theta_1,76.6262701521082,99.8085672786674,0.233737298478918,76.6262701521082,0.108706536359597,6.22842573889032,-0.0996517976923034,-5.7096274286605,0.0434353573024621,2.48866265507382,0.983964224590167,1.01235541011169,1.02885387985864,-0.01,0.995952659893328,0.380742571941002,0.383093695844391
Stage 2,validation,chirp_run_06,chirp,6,theta_2,45.2165341946929,85.7976068005928,0.547834658053071,45.2165341946929,0.365058955049393,20.9163373977862,0.0974249341655491,5.58203754702586,0.351818735806655,20.1577287153495,1.58589621073238,1.65672674937391,1.04466278320245,0.01,0.85201859487535,-0.0594287698271109,0.0621665115088544
Stage 2,validation,prbs_run_08,PRBS,7,theta_1,86.9308745823794,99.1731222949463,0.130691254176206,86.9308745823794,0.191690770048866,10.9830720954128,0.115016353172075,6.58995161174603,0.153351197663806,8.78637640941255,2.63391763767807,2.83001983563574,1.07445266896445,0,0.99696515724084,0.294580471934829,0.300982460973378
Stage 2,validation,prbs_run_08,PRBS,7,theta_2,77.1639925143173,97.5652223288221,0.228360074856827,77.1639925143173,0.35151256555253,20.1401864519757,-0.104575981885305,-5.99176240046455,0.335596406050551,19.2282576864552,2.81953688665739,3.03259622078734,1.07556536505629,-0.04,0.982464545585185,-0.219326223675217,0.219442582071128
Stage 2,validation,chirp_run_08,chirp,8,theta_1,64.6759378519191,99.0292013367088,0.353240621480809,64.6759378519191,0.217357228031125,12.4536518128461,-0.204306726222897,-11.7059131387068,0.0741817106668243,4.25029893826963,1.23013844608108,1.24002159504178,1.00803417614674,0,0.994218914101229,0.239325369161266,0.239325369161268
Stage 2,validation,chirp_run_08,chirp,8,theta_2,38.6491661436648,87.04452008937,0.613508338563353,38.6491661436648,0.455638458673968,26.1061606658644,0.199292079464226,11.418595043686,0.409742690094179,23.4765268287333,1.66724335754172,1.75135232728314,1.05044792612966,-0.07,0.90544817361016,-0.0369064640882945,0.0622700784243363
Stage 3,training,prbs_run_01,PRBS,1,theta_1,80.1431285663527,97.4612542532359,0.198568714336473,80.1431285663527,0.180547337892652,10.3446004635714,0.0370050839759372,2.1202351323484,0.176714359858098,10.1249869992251,1.54957880492048,1.7191115232521,1.10940567707386,0,0.989741883292331,0.172015005218233,0.194281369494724
Stage 3,training,prbs_run_01,PRBS,1,theta_2,73.9415343913932,99.0778623062829,0.260584656086068,73.9415343913932,0.254692665568073,14.5928148099875,-0.0397853259536864,-2.27953126369853,0.251566058388108,14.4136734143803,1.85381938233376,2.03747387936357,1.0990681717863,-0.04,0.986602338818919,-0.0656571217474591,0.209979653211358
Stage 3,training,chirp_run_01,chirp,2,theta_1,36.1723097213904,98.6070495456825,0.638276902786096,36.1723097213904,0.271198189921827,15.538511694108,-0.263290482267203,-15.0854334198748,0.0650121539743051,3.72492203978234,0.746581939581072,0.835793457140586,1.11949327036972,0,0.99149596002162,0.115489346079991,0.164383939667846
Stage 3,training,chirp_run_01,chirp,2,theta_2,32.8515079417975,89.3800167383165,0.671484920582025,32.8515079417975,0.328283992946471,18.8092872775353,0.256748231914712,14.7105900861591,0.20457449849272,11.7212553596383,1.02243661586041,1.23963700633761,1.21243408843924,-0.06,0.965720355846089,-0.0150383557719594,0.127168889975014
Stage 3,training,prbs_run_03,PRBS,3,theta_1,80.7418066728277,99.5664623781201,0.192581933271723,80.7418066728277,0.162569151892355,9.31452628245315,-0.0747270012937368,-4.28154178979976,0.144376606223603,8.27217019703468,1.64629010622048,1.77979403151489,1.0810938028419,0,0.985531897889452,0.106499866190857,0.134762412388639
Stage 3,training,prbs_run_03,PRBS,3,theta_2,45.5268274015391,81.6458649015579,0.544731725984609,45.5268274015391,0.564012001915454,32.31550730448,0.0625520461660921,3.58396824522456,0.56053258587268,32.1161514500589,2.17025232038107,1.99287003207176,0.918266513693596,0.03,0.846120521348935,0.0137802740084672,0.153377233984546
Stage 3,training,chirp_run_03,chirp,4,theta_1,63.07094155682,99.9203421446216,0.3692905844318,63.07094155682,0.0791843322896764,4.53692804375994,-0.0550550394036449,-3.1544213987553,0.056913101447953,3.2608805119676,0.49601174984925,0.626240967773542,1.2625526874391,-0.01,0.993564364364772,0.1450164227367,0.258454490657002
Stage 3,training,chirp_run_03,chirp,4,theta_2,49.9593541617132,83.6118413091802,0.500406458382868,49.9593541617132,0.235153104832956,13.4732804463258,0.0492101097295526,2.81953159687903,0.229946402044008,13.1749583513401,1.42170930891538,1.44476419047453,1.01621631188216,-0.01,0.874880767383924,-0.052022388289625,0.122101413762837
Stage 3,training,prbs_run_05,PRBS,5,theta_1,75.7064441188427,97.101305104262,0.242935558811573,75.7064441188427,0.302848388013353,17.3519344655055,0.146892978075074,8.41634768380948,0.264838817235168,15.1741464788117,2.34671437927201,2.44627982732174,1.04242759533464,-0.01,0.977475995870998,0.216077153174703,0.220770046431499
Stage 3,training,prbs_run_05,PRBS,5,theta_2,75.1022136104771,98.0084205636141,0.248977863895229,75.1022136104771,0.320684887704528,18.3738906190962,-0.148929774203876,-8.53304750571844,0.284004787913246,16.2722757089371,2.77401233660813,2.71843640809285,0.979965507801875,-0.01,0.976088367484732,-0.173311762594577,0.183507409302088
Stage 3,training,chirp_run_05,chirp,6,theta_1,-5.35532870882287,83.0583058273861,1.05355328708823,-5.35532870882287,0.638968459382552,36.6101959645966,-0.603012084094414,-34.5500474139978,0.211322309569586,12.1078764552943,1.08726947825153,1.28848667106873,1.18506653303722,0,0.953755886462861,0.0119365484025879,0.10300535857044
Stage 3,training,chirp_run_05,chirp,6,theta_2,-15.1715663552663,82.5634928154849,1.15171566355266,-15.1715663552663,0.764538444602421,43.8048261512152,0.589236531421581,33.7607663853843,0.487154332130336,27.9118872025826,1.33588433751104,1.44384074568523,1.08081269099638,0.21,0.900189479395751,0.0889675132099156,0.253227509797802
Stage 3,training,prbs_run_07,PRBS,7,theta_1,43.8362623820114,95.8898032066968,0.561637376179886,43.8362623820114,0.416862912911747,23.8844855453727,-0.394164409555085,-22.5839571017725,0.135680162151132,7.77390065491051,2.05218450713109,2.09235189130126,1.01957298870087,-0.01,0.98619315952767,0.1389547634845,0.151513711218785
Stage 3,training,prbs_run_07,PRBS,7,theta_2,30.4234812031906,83.0429467004652,0.695765187968094,30.4234812031906,0.624960325814239,35.8075890322767,0.384766154368737,22.0454767448077,0.492473771173789,28.2166686091496,2.42698093049492,2.47141800830277,1.01830961143925,-0.02,0.863407878135313,0.0102602694820096,0.109696820378969
Stage 3,training,chirp_run_07,chirp,8,theta_1,82.0372174312972,99.9550025362939,0.179627825687028,82.0372174312972,0.0585402070725277,3.35410679707773,-0.025149154825248,-1.44094042980778,0.0528628021927529,3.02881545887966,0.753908553315921,0.863258973585657,1.14504467390479,-0.01,0.99732311913104,0.226051281783427,0.26940714404734
Stage 3,training,chirp_run_07,chirp,8,theta_2,34.0189984615092,69.439550657549,0.659810015384908,34.0189984615092,0.406856510010556,23.311160891027,0.0217298042930071,1.24502607563457,0.40627581191028,23.2778893407099,1.82993765116038,1.77022577941767,0.967369450153208,0.03,0.779366377494801,-0.0328554748518958,0.0576916720402052
Stage 3,training,prbs_run_09,PRBS,9,theta_1,62.3866640807847,97.1679710039029,0.376133359192153,62.3866640807847,0.335377965917353,19.2157419887467,-0.271016199406515,-15.5280844056692,0.197556573371045,11.3191578692274,2.17527161787655,2.09031790869641,0.960945700535979,-0.02,0.975465599064383,0.101565235701285,0.11491483934197
Stage 3,training,prbs_run_09,PRBS,9,theta_2,57.1701813980682,94.0252160537735,0.428298186019318,57.1701813980682,0.402637854514015,23.0694497358555,0.25972916853772,14.8813851736534,0.307665404129801,17.6279291588244,2.7583399505256,2.5304948903747,0.917397759435896,0,0.946086903004682,-0.0130401675290377,0.128108406324881
Stage 3,training,chirp_run_09,chirp,10,theta_1,75.6050582411841,99.8517931640482,0.243949417588159,75.6050582411841,0.100678408504107,5.76844789537937,-0.088754406991235,-5.08525293378418,0.0475268048426793,2.72308533122745,0.910698087241681,1.00932137725117,1.1082941661909,-0.01,0.995568749106369,0.256430557021969,0.318529122226932
Stage 3,training,chirp_run_09,chirp,10,theta_2,43.569981109257,81.8813770540433,0.56430018890743,43.569981109257,0.365666423399513,20.9511427704359,0.0875641671892469,5.01705721652177,0.355027393064599,20.3415712341337,1.89859762828385,1.87931935641663,0.989846046587214,0.02,0.851313410063162,-0.0359947028892387,0.0700622062645734
Stage 3,training,prbs_run_10,PRBS,11,theta_1,33.5092266378755,89.3756807860514,0.664907733621245,33.5092266378755,0.663658815929907,38.0248491894332,-0.631239397617243,-36.1673533458485,0.204889840785984,11.7393231421443,2.63391763767807,2.63015437957607,0.998571231670966,0,0.981011104056249,0.0527487662732493,0.136945847691019
Stage 3,training,prbs_run_10,PRBS,11,theta_2,22.8019088042858,74.4771425395102,0.771980911957142,22.8019088042858,0.917105764376785,52.5462896659091,0.623457475259479,35.7214820382501,0.672594795992508,38.5368431328333,2.97999226797854,2.80482552859894,0.941219062458027,-0.03,0.841508207793215,0.184641085071783,0.247998518403466
Stage 3,training,chirp_run_10,chirp,12,theta_1,81.719169335415,99.9274489538652,0.18280830664585,81.719169335415,0.0723306359296122,4.14424016826409,-0.0448480488678181,-2.56960391952245,0.0567483339555612,3.2514400300526,0.896777521145468,1.00769645182181,1.1236861184195,-0.01,0.99646527533971,0.242099077330562,0.251746273836834
Stage 3,training,chirp_run_10,chirp,12,theta_2,16.0986897887349,48.8182586154048,0.839013102112651,16.0986897887349,0.690239068195677,39.5477854626549,0.0570002962662928,3.26587640705388,0.687881485060611,39.4127058991644,2.01278215545658,1.89947016155465,0.943703796461655,0.02,0.582757859767941,-0.0321393740877239,0.0485957569941027
Stage 3,validation,prbs_run_02,PRBS,1,theta_1,58.490407548675,99.4257697452804,0.41509592451325,58.490407548675,0.187684730063737,10.7535429117042,0.129141289433443,7.39925084541372,0.136191355315106,7.80318986572214,0.934875912566681,1.10503493675716,1.18201241673167,-0.02,0.980007659480494,0.144363599225493,0.150630546142816
Stage 3,validation,prbs_run_02,PRBS,1,theta_2,60.7404898891976,94.4963732250876,0.392595101108024,60.7404898891976,0.205633954873969,11.7819577388621,-0.13445858141447,-7.70390923436529,0.155583460821252,8.91427566709673,1.30603217354432,1.36727775486435,1.04689438940377,-0.02,0.972619008062591,-0.093421005642293,0.180082067829829
Stage 3,validation,chirp_run_02,chirp,2,theta_1,29.451780476612,99.753017271042,0.70548219523388,29.451780476612,0.135256838716572,7.74964600874126,-0.107517096643259,-6.16027586315893,0.0820639162421886,4.70191605099249,0.450586744693189,0.613660610124306,1.36191447562923,-0.01,0.981938951006352,0.0488289722658396,0.189957643213041
Stage 3,validation,chirp_run_02,chirp,2,theta_2,50.0643211173424,88.2687191077159,0.499356788826576,50.0643211173424,0.200225988543249,11.4721040923629,0.102909079040343,5.89625590258983,0.171756129262363,9.84090131223684,1.27095588088341,1.32229655570208,1.04039532417363,-0.02,0.924892931271239,-0.0273683168397385,0.144421355225601
Stage 3,validation,prbs_run_04,PRBS,3,theta_1,82.6292296227778,98.8757294896661,0.173707703772222,82.6292296227778,0.192612935639663,11.0359082917776,0.109314873686752,6.26328090025658,0.15858751958013,9.08639555538978,2.18186557023791,2.35434976659733,1.07905353964617,0,0.994737660185472,0.216541004523772,0.217346915319056
Stage 3,validation,prbs_run_04,PRBS,3,theta_2,67.9323496512747,96.4925373885051,0.320676503487253,67.9323496512747,0.393227916639978,22.5303000101929,-0.115430795927547,-6.61369743248435,0.375904144399274,21.5377209755547,2.40683071981738,2.67446931501706,1.11119959247486,-0.06,0.982347807922469,-0.183883525748888,0.192463256941935
Stage 3,validation,chirp_run_04,chirp,4,theta_1,23.709116565188,93.303643549858,0.76290883434812,23.709116565188,0.464815445338115,26.6319632703678,-0.446230729978247,-25.5671375167954,0.130121227507084,7.45539716121753,1.09606141473335,1.20727459958429,1.1014661982951,0,0.9810048996784,0.0593581496850626,0.113119479315961
Stage 3,validation,chirp_run_04,chirp,4,theta_2,14.5916886807162,88.8912253639467,0.854083113192838,14.5916886807162,0.525131782188532,30.0878348075861,0.438841748571454,25.1437800672855,0.2884116994424,16.5247731402451,1.14632309632233,1.45876111013394,1.27255667692119,0.01,0.913207560383189,0.0614985961751978,0.254878888523085
Stage 3,validation,prbs_run_06,PRBS,5,theta_1,54.4895945821353,95.7727617677215,0.455104054178647,54.4895945821353,0.39496427052455,22.62978575952,-0.37197041850799,-21.3123350842227,0.132796019315269,7.60865144290269,2.15109379255155,2.18857796726483,1.01742563473665,0,0.989150368373093,0.10667543108185,0.179813669546689
Stage 3,validation,prbs_run_06,PRBS,5,theta_2,49.4426173433768,92.2441412097988,0.505573826566232,49.4426173433768,0.47528458715976,27.231800911872,0.365126035398606,20.9201808186844,0.30426701606602,17.4332158656222,2.52400046338679,2.46091884435774,0.975007287065075,0.01,0.949936631452434,-0.00608648352834694,0.189163983012617
Stage 3,validation,chirp_run_06,chirp,6,theta_1,74.3956876942294,99.7702865817355,0.256043123057706,74.3956876942294,0.11908052864232,6.82281171339164,-0.111247716156491,-6.37402461623626,0.0424749096726438,2.43363305944189,0.983964224590167,0.998940892105166,1.0152207439465,-0.01,0.996331936035161,0.378906008424224,0.378906008424226
Stage 3,validation,chirp_run_06,chirp,6,theta_2,44.6665450475475,85.5110104192001,0.553334549524525,44.6665450475475,0.368723901404904,21.1263233560989,0.108989078209148,6.24461419440545,0.35224806074466,20.1823272223369,1.58589621073238,1.61424137692351,1.01787327947397,0.01,0.851464114449243,-0.0609385045180633,0.0622934337830384
Stage 3,validation,prbs_run_08,PRBS,7,theta_1,84.6510672595105,98.8594755578073,0.153489327404895,84.6510672595105,0.225129734579312,12.898983634295,0.161863543129534,9.27409787835607,0.156472332369992,8.96520425536877,2.63391763767807,2.77691364919203,1.05429023651628,0,0.995854263222527,0.29225544681312,0.302881386740173
Stage 3,validation,prbs_run_08,PRBS,7,theta_2,62.268828391305,93.3530939752655,0.37731171608695,62.268828391305,0.580792458655067,33.2769566539617,-0.153513499580015,-8.79567562421817,0.560137023840858,32.0934874151,2.81953688665739,3.04762772597064,1.08089656155684,-0.09,0.951493105505509,-0.176076797941616,0.177173341836124
Stage 3,validation,chirp_run_08,chirp,8,theta_1,63.2504202995858,98.9492663465627,0.367495797004142,63.2504202995858,0.22612877141665,12.9562242286526,-0.213162215695641,-12.2132953110176,0.0754724523394364,4.32425298855196,1.23013844608108,1.22450698294882,0.995422089968654,0,0.994399206071373,0.229653964627831,0.232072515056878
Stage 3,validation,chirp_run_08,chirp,8,theta_2,40.6888675270961,87.8916490991389,0.593111324729039,40.6888675270961,0.44049006808032,25.2382218184326,0.208092037114681,11.9227954769509,0.388238591805178,22.244432754539,1.66724335754172,1.71337588248312,1.02766994076343,-0.07,0.910852267437265,-0.0410827350311167,0.0569325750868768
Stage 4,training,prbs_run_01,PRBS,1,theta_1,82.8293137795384,98.1016649567932,0.171706862204616,82.8293137795384,0.156123370051199,8.94521018729283,-0.12245996296298,-7.01643903710712,0.0968404055508292,5.54854652439778,1.54957880492048,1.67280597597178,1.07952301016251,0,0.996392545484529,0.114245230962204,0.183956276494602
Stage 4,training,prbs_run_01,PRBS,1,theta_2,79.7998534669718,99.445875777337,0.202001465330282,79.7998534669718,0.197434079298336,11.3121394758458,0.119201084056806,6.82971902983914,0.157389063241585,9.01772906526045,1.85381938233376,1.9250348366838,1.0384155301367,0,0.98818620218821,0.0578210149721587,0.186259221961973
Stage 4,training,chirp_run_01,chirp,2,theta_1,85.4474344484293,99.9275903347346,0.145525655515707,85.4474344484293,0.0618325591773346,3.54274467735418,-0.0307407207826194,-1.76131356003419,0.0536495429634178,3.07389238460962,0.746581939581072,0.838314489812663,1.12287003658709,0,0.995361913128536,0.0668785687770763,0.113209329130581
Stage 4,training,chirp_run_01,chirp,2,theta_2,83.519098391938,99.360245665507,0.16480901608062,83.519098391938,0.0805739045124485,4.6165446674534,0.0232779423434398,1.33372785202797,0.077138132519764,4.41968943290332,1.02243661586041,1.06044693992204,1.03717621559323,-0.02,0.993563961473968,-0.0684278188237286,0.123430769499057
Stage 4,training,prbs_run_03,PRBS,3,theta_1,90.8755770842896,99.9026790096218,0.0912442291571044,90.8755770842896,0.0770243433386497,4.41316979307122,-0.0277052084835614,-1.58739151663811,0.0718691233398084,4.11779744467618,1.64629010622048,1.71177608179329,1.03977790750572,0,0.997860835201402,0.232284905541442,0.233626839248184
Stage 4,training,prbs_run_03,PRBS,3,theta_2,48.2443224999582,83.4314470440678,0.517556775000418,48.2443224999582,0.535875218659725,30.7033883748524,0.0163648582187012,0.937637308261556,0.53562528075987,30.6890679880504,2.17025232038107,1.96010351222227,0.903168490509022,0.04,0.864423421980414,0.0104268128763695,0.107970582892694
Stage 4,training,chirp_run_03,chirp,4,theta_1,80.4787790665124,99.9777409772502,0.195212209334875,80.4787790665124,0.0418579544202523,2.39828412733143,-0.00993724330130908,-0.569362101159659,0.0406612781872202,2.32971962973507,0.49601174984925,0.574861878867363,1.15896826847767,-0.01,0.996074070505413,0.122551891407942,0.17831300886313
Stage 4,training,chirp_run_03,chirp,4,theta_2,74.8345165730515,95.8552827988899,0.251654834269485,74.8345165730515,0.118258696772085,6.77572421575783,0.0047919037525068,0.274555860851541,0.118161571674799,6.77015935759854,1.42170930891538,1.4290367109946,1.00515393831444,-0.02,0.983906548610854,-0.0490766355977235,0.112037234887015
Stage 4,training,prbs_run_05,PRBS,5,theta_1,87.757615281888,99.263873628381,0.12242384718112,87.757615281888,0.152616047459533,8.74425540539951,0.105050935440456,6.0189752346394,0.110706634422945,6.34302291653247,2.34671437927201,2.30956877511453,0.984171229151034,0,0.996492311242528,0.266707304150044,0.283087031062777
Stage 4,training,prbs_run_05,PRBS,5,theta_2,85.8754964581919,99.3590523730175,0.141245035418081,85.8754964581919,0.181924399274827,10.4235002689005,-0.107163063365216,-6.1399912505199,0.147012125015896,8.42317430066048,2.77401233660813,2.6330571867041,0.949187266385276,-0.01,0.994226644883502,-0.159391860491354,0.180865384661369
Stage 4,training,chirp_run_05,chirp,6,theta_1,84.658096900421,99.6407454348111,0.15341903099579,84.658096900421,0.0930469517553072,5.33119763213649,-0.080957520472017,-4.63852424289054,0.0458651840722067,2.62788147392809,1.08726947825153,1.13619960710592,1.04500276135137,0,0.997763293307613,0.128291982724429,0.163113081850319
Stage 4,training,chirp_run_05,chirp,6,theta_2,77.7971829574438,99.3519849284587,0.222028170425562,77.7971829574438,0.147388003347511,8.44471054267241,0.0689635596259026,3.95132090676302,0.130258400782792,7.46325661097754,1.33588433751104,1.18977327680734,0.890625964687982,0.02,0.983244259917215,-0.0109295926991275,0.0872380838482747
Stage 4,training,prbs_run_07,PRBS,7,theta_1,82.0589026354066,99.5805804994982,0.179410973645934,82.0589026354066,0.133163824656894,7.62972513666017,-0.123007492393241,-7.04781016262028,0.0510074603600187,2.92251220230992,2.05218450713109,2.02917165252358,0.98878616687362,-0.01,0.998006961979457,0.395316259916007,0.433985227537707
Stage 4,training,prbs_run_07,PRBS,7,theta_2,74.2303260235776,97.6738225426302,0.257696739764224,74.2303260235776,0.231472113335601,13.2623751691038,0.113356602434229,6.49485489942373,0.201815806954306,11.5631939775087,2.42698093049492,2.41439905663527,0.994815833243037,-0.02,0.981365759694385,-0.157989732437978,0.162601356492583
Stage 4,training,chirp_run_07,chirp,8,theta_1,83.5846410233717,99.9624213150312,0.164153589766283,83.5846410233717,0.0534971967726205,3.06516359085205,0.035560765760021,2.03748179430253,0.0399672616160953,2.28995540929747,0.753908553315921,0.803992830818937,1.06643282833539,-0.01,0.997188205766926,0.192384773033468,0.197873256088939
Stage 4,training,chirp_run_07,chirp,8,theta_2,65.3830252621758,91.587982822854,0.346169747378242,65.3830252621758,0.21345752869087,12.2302154992795,-0.0418729824697738,-2.39914517114332,0.209310224054869,11.9925924472816,1.82993765116038,1.74952902987545,0.956059365610659,0.02,0.951766161844786,-0.0452208852667336,0.0640127666421257
Stage 4,training,prbs_run_09,PRBS,9,theta_1,89.446388607666,99.7770455282859,0.10553611392334,89.446388607666,0.0941008989323652,5.39158435721164,-0.0679584864401902,-3.89373445511993,0.0650893485958932,3.72934496580045,2.17527161787655,2.07424856040331,0.953558416961346,-0.01,0.998004099402212,0.269358521453258,0.313849302857322
Stage 4,training,prbs_run_09,PRBS,9,theta_2,88.6521930909122,99.5805756790443,0.113478069090878,88.6521930909122,0.106679336416996,6.11227573795016,0.0595854861249988,3.41399687519776,0.0884875734870059,5.06996450015916,2.7583399505256,2.68133545848488,0.972083030582925,-0.02,0.997725956064749,-0.0795936627293741,0.197315110262024
Stage 4,training,chirp_run_09,chirp,10,theta_1,95.3257428460434,99.9945588103002,0.0467425715395662,95.3257428460434,0.0192907519866993,1.10527867247148,0.000563819279696003,0.0323044651346871,0.0192825107294715,1.10480648321444,0.910698087241681,0.949894822669314,1.04304031816554,0,0.999215701837948,0.384222678122049,0.406868823883452
Stage 4,training,chirp_run_09,chirp,10,theta_2,61.3862702001702,91.5162413984393,0.386137297998298,61.3862702001702,0.25021690135098,14.3363724102524,-0.00468804524232548,-0.268605206551635,0.250172980062779,14.3338559058077,1.89859762828385,1.82564746452196,0.96157681718594,0.02,0.938157136993004,-0.036734088304715,0.056871004342062
Stage 4,training,prbs_run_10,PRBS,11,theta_1,64.8320120266375,97.0278317764524,0.351679879733625,64.8320120266375,0.35101930804634,20.1119248786578,-0.320995018555081,-18.3916598079297,0.142044896719856,8.13857308341945,2.63391763767807,2.58219229721699,0.980361823118101,-0.01,0.990514781379176,0.107744969345973,0.139735507651245
Stage 4,training,prbs_run_10,PRBS,11,theta_2,41.5033306770532,85.3452488270134,0.584966693229468,41.5033306770532,0.694934703720958,39.8168255603852,0.313335894133488,17.9528243038068,0.620286111309372,35.539776268609,2.97999226797854,2.91135525494989,0.976967385531099,0,0.857141476296521,0.00439523893018251,0.135314783260952
Stage 4,training,chirp_run_10,chirp,12,theta_1,88.3151443617117,99.9703586124329,0.116848556382883,88.3151443617117,0.0462327480939059,2.64894134107231,0.0285389412104091,1.63516088312842,0.0363730096486856,2.08401994105831,0.896777521145468,0.939804971006432,1.04798007180867,-0.01,0.998242588771216,0.25137772778144,0.26989130450745
Stage 4,training,chirp_run_10,chirp,12,theta_2,16.9719942844999,49.8781854362568,0.830280057155001,16.9719942844999,0.68305456917069,39.1361439906073,-0.0199784142214753,-1.14467881625468,0.682762335978012,39.1194002620332,2.01278215545658,1.89234223994572,0.940162468559075,0.04,0.629640509177448,-0.0201978778327178,0.0214642430924353
Stage 4,validation,prbs_run_02,PRBS,1,theta_1,36.2168218994651,98.6441818558222,0.637831781005349,36.2168218994651,0.288394268829397,16.5237744396857,0.24020721970173,13.7628598974809,0.15959870267896,9.14433207926768,0.934875912566681,1.10922884464835,1.18649847507888,-0.01,0.970988689883069,0.149219431779543,0.1502253003896
Stage 4,validation,prbs_run_02,PRBS,1,theta_2,41.9007957361051,87.9468769247141,0.580992042638949,41.9007957361051,0.304312741399389,17.435835734241,-0.244417635618417,-14.0040989595017,0.181290551261542,10.3871834528865,1.30603217354432,1.39301187838846,1.06659843961432,-0.02,0.968303698884398,-0.115811088660768,0.196114265094849
Stage 4,validation,chirp_run_02,chirp,2,theta_1,58.6052954254576,99.9149676768295,0.413947045745424,58.6052954254576,0.0793629792244849,4.54716375914742,-0.0439191444495057,-2.51638161678209,0.0661028836149337,3.78741624478018,0.450586744693189,0.572469081070284,1.27049694162683,0,0.99056469011387,0.00994308277559861,0.131910707681341
Stage 4,validation,chirp_run_02,chirp,2,theta_2,62.5656588278397,93.407291026719,0.374343411721603,62.5656588278397,0.150099650878364,8.6000765017174,0.0395929101994305,2.26850665306784,0.144783654656687,8.29549235430777,1.27095588088341,1.30137228882288,1.02393191486578,-0.03,0.978078552183083,-0.00352647010554052,0.0803798673617287
Stage 4,validation,prbs_run_04,PRBS,3,theta_1,83.6988875249451,99.0099271567627,0.163011124750549,83.6988875249451,0.180752209592834,10.3563387473334,0.140025556103133,8.02287338868183,0.114298752883398,6.54883614382745,2.18186557023791,2.31899309641839,1.06284875111051,0,0.997625426528813,0.232500398555815,0.232884989551391
Stage 4,validation,prbs_run_04,PRBS,3,theta_2,47.0342037833223,90.4313695590011,0.529657962166777,47.0342037833223,0.649490357820671,37.2130563375661,-0.143621081190933,-8.2288818013462,0.633411959106845,36.2918319499353,2.40683071981738,2.67923956268294,1.11318155474026,-0.11,0.960914792094661,-0.112545473534865,0.128843884955505
Stage 4,validation,chirp_run_04,chirp,4,theta_1,91.4742986312045,99.9163716538303,0.0852570136879551,91.4742986312045,0.0519443149710359,2.97619001753858,0.00437556836458261,0.250701600261543,0.0517596972488929,2.96561220123646,1.09606141473335,1.11364196152676,1.01603974609186,0,0.996962491708321,0.171095711064172,0.171095711064172
Stage 4,validation,chirp_run_04,chirp,4,theta_2,90.1898719833966,99.8534400745356,0.0981012801660343,90.1898719833966,0.0603174319838526,3.45593428374216,-0.0121742971557444,-0.697535845562275,0.0590760449750177,3.38480804739355,1.14632309632233,1.12774072419278,0.983789585860075,0,0.995790437662511,-0.20741997542406,0.212625031849058
Stage 4,validation,prbs_run_06,PRBS,5,theta_1,89.8976851121644,99.7917058284555,0.101023148878356,89.8976851121644,0.0876734319030486,5.02331762347231,0.0427141601493992,2.44734110200646,0.0765645556663786,4.38682589997794,2.15109379255155,2.14786622260999,0.9984995680092,-0.01,0.996770850270534,0.268686257554746,0.280317598737375
Stage 4,validation,prbs_run_06,PRBS,5,theta_2,31.9824467552377,85.9620807860407,0.680175532447623,31.9824467552377,0.639425797279061,36.6363994958779,-0.0520281767337829,-2.98099494260651,0.63730559314329,36.5149207471921,2.52400046338679,2.76808752627557,1.09670642554529,-0.07,0.815249741759022,-0.0403212894951752,0.0457247288800739
Stage 4,validation,chirp_run_06,chirp,6,theta_1,80.1231519615418,99.8615620474045,0.198768480384582,80.1231519615418,0.0924432394003103,5.29660746215526,0.0655954243646961,3.75834097146669,0.0651382592125282,3.73214733770702,0.983964224590167,0.968997555164369,0.984789417082688,-0.01,0.990639693483532,0.175602491452271,0.176116130311598
Stage 4,validation,chirp_run_06,chirp,6,theta_2,33.4018774901459,79.0112537820797,0.665981225098541,33.4018774901459,0.443787932258634,25.4271755172574,-0.0689104196095815,-3.94827620810457,0.438405158372509,25.1187652915092,1.58589621073238,1.46205824448638,0.921912943982117,0.07,0.842601580567422,-0.0416795144089007,0.0424340447872755
Stage 4,validation,prbs_run_08,PRBS,7,theta_1,92.2589309236231,99.7098984049904,0.0774106907637687,92.2589309236231,0.113541759286468,6.50546360560495,0.104774608261154,6.00314285350067,0.0437494293172833,2.50665765598625,2.63391763767807,2.63402831990308,1.00004202190054,0,0.99958743108224,0.477764059625357,0.511148094941727
Stage 4,validation,prbs_run_08,PRBS,7,theta_2,80.3778489871056,98.202320837663,0.196221510128944,80.3778489871056,0.302041968085976,17.3057300071515,-0.0918898393343769,-5.26489997399502,0.287724882330938,16.485421418461,2.81953688665739,2.76661048992086,0.981228691496471,-0.03,0.985229973733737,-0.147638073227917,0.153324147741944
Stage 4,validation,chirp_run_08,chirp,8,theta_1,79.2045532948969,99.6635470062489,0.207954467051031,79.2045532948969,0.127959254304952,7.33152522131495,0.0832159570085266,4.76792312473068,0.0972042965173576,5.5693959409828,1.23013844608108,1.17342907122618,0.953900006104551,-0.01,0.990908724494857,0.14275240138476,0.146440452400622
Stage 4,validation,chirp_run_08,chirp,8,theta_2,46.3104666914466,90.0781690466537,0.536895333085534,46.3104666914466,0.398739750806302,22.8461048452993,-0.091439185160869,-5.23907939183306,0.388113725974988,22.2372784694638,1.66724335754172,1.3623048212327,0.817100164214398,0.04,0.868698809352889,-0.0653279700261332,0.0658128940136447
